"Species","Plants","Taxon_group","Associated_Species","Growing_Time","Tree_group"
"Abies alba",1,"Lichen",65,418,"Forestry conifers"
"Abies alba",1,"Fungi",325,418,"Forestry conifers"
"Abies alba",1,"Bryophytes",4,418,"Forestry conifers"
"Abies alba",1,"Birds",1,418,"Forestry conifers"
"Abies alba",1,"Mammals",15,418,"Forestry conifers"
"Abies alba",1,"Invertebrates",48,418,"Forestry conifers"
"Abies amabilis",4,"Lichen",10,191,"Forestry conifers"
"Abies amabilis",4,"Fungi",46,191,"Forestry conifers"
"Abies amabilis",4,"Bryophytes",NA,191,"Forestry conifers"
"Abies amabilis",4,"Birds",NA,191,"Forestry conifers"
"Abies amabilis",4,"Mammals",NA,191,"Forestry conifers"
"Abies amabilis",4,"Invertebrates",2,191,"Forestry conifers"
"Abies grandis",2,"Lichen",15,190,"Forestry conifers"
"Abies grandis",2,"Fungi",220,190,"Forestry conifers"
"Abies grandis",2,"Bryophytes",NA,190,"Forestry conifers"
"Abies grandis",2,"Birds",NA,190,"Forestry conifers"
"Abies grandis",2,"Mammals",NA,190,"Forestry conifers"
"Abies grandis",2,"Invertebrates",10,190,"Forestry conifers"
"Abies nordmanniana",NA,"Lichen",1,173,"Forestry conifers"
"Abies nordmanniana",NA,"Fungi",5,173,"Forestry conifers"
"Abies nordmanniana",NA,"Bryophytes",NA,173,"Forestry conifers"
"Abies nordmanniana",NA,"Birds",1,173,"Forestry conifers"
"Abies nordmanniana",NA,"Mammals",NA,173,"Forestry conifers"
"Abies nordmanniana",NA,"Invertebrates",3,173,"Forestry conifers"
"Abies procera",NA,"Lichen",5,191,"Forestry conifers"
"Abies procera",NA,"Fungi",24,191,"Forestry conifers"
"Abies procera",NA,"Bryophytes",NA,191,"Forestry conifers"
"Abies procera",NA,"Birds",1,191,"Forestry conifers"
"Abies procera",NA,"Mammals",NA,191,"Forestry conifers"
"Abies procera",NA,"Invertebrates",8,191,"Forestry conifers"
"Acer campestre",2,"Lichen",332,9983,"Native"
"Acer campestre",2,"Fungi",733,9983,"Native"
"Acer campestre",2,"Bryophytes",81,9983,"Native"
"Acer campestre",2,"Birds",15,9983,"Native"
"Acer campestre",2,"Mammals",19,9983,"Native"
"Acer campestre",2,"Invertebrates",248,9983,"Native"
"Acer macrophyllum",2,"Lichen",21,195,"Forestry broadleaves"
"Acer macrophyllum",2,"Fungi",144,195,"Forestry broadleaves"
"Acer macrophyllum",2,"Bryophytes",2,195,"Forestry broadleaves"
"Acer macrophyllum",2,"Birds",NA,195,"Forestry broadleaves"
"Acer macrophyllum",2,"Mammals",NA,195,"Forestry broadleaves"
"Acer macrophyllum",2,"Invertebrates",4,195,"Forestry broadleaves"
"Acer platanoides",1,"Lichen",226,338,"Introduced"
"Acer platanoides",1,"Fungi",83,338,"Introduced"
"Acer platanoides",1,"Bryophytes",42,338,"Introduced"
"Acer platanoides",1,"Birds",2,338,"Introduced"
"Acer platanoides",1,"Mammals",3,338,"Introduced"
"Acer platanoides",1,"Invertebrates",83,338,"Introduced"
"Acer pseudoplatanus",5,"Lichen",698,471,"Introduced"
"Acer pseudoplatanus",5,"Fungi",732,471,"Introduced"
"Acer pseudoplatanus",5,"Bryophytes",95,471,"Introduced"
"Acer pseudoplatanus",5,"Birds",21,471,"Introduced"
"Acer pseudoplatanus",5,"Mammals",20,471,"Introduced"
"Acer pseudoplatanus",5,"Invertebrates",253,471,"Introduced"
"Aesculus hippocastanum",2,"Lichen",283,409,"Introduced"
"Aesculus hippocastanum",2,"Fungi",254,409,"Introduced"
"Aesculus hippocastanum",2,"Bryophytes",25,409,"Introduced"
"Aesculus hippocastanum",2,"Birds",3,409,"Introduced"
"Aesculus hippocastanum",2,"Mammals",19,409,"Introduced"
"Aesculus hippocastanum",2,"Invertebrates",83,409,"Introduced"
"Alnus cordata",NA,"Lichen",1,201,"Forestry broadleaves"
"Alnus cordata",NA,"Fungi",38,201,"Forestry broadleaves"
"Alnus cordata",NA,"Bryophytes",5,201,"Forestry broadleaves"
"Alnus cordata",NA,"Birds",2,201,"Forestry broadleaves"
"Alnus cordata",NA,"Mammals",14,201,"Forestry broadleaves"
"Alnus cordata",NA,"Invertebrates",49,201,"Forestry broadleaves"
"Alnus glutinosa",2,"Lichen",584,12208,"Native"
"Alnus glutinosa",2,"Fungi",1674,12208,"Native"
"Alnus glutinosa",2,"Bryophytes",129,12208,"Native"
"Alnus glutinosa",2,"Birds",24,12208,"Native"
"Alnus glutinosa",2,"Mammals",17,12208,"Native"
"Alnus glutinosa",2,"Invertebrates",377,12208,"Native"
"Alnus incana",7,"Lichen",7,241,"Forestry broadleaves"
"Alnus incana",7,"Fungi",213,241,"Forestry broadleaves"
"Alnus incana",7,"Bryophytes",NA,241,"Forestry broadleaves"
"Alnus incana",7,"Birds",1,241,"Forestry broadleaves"
"Alnus incana",7,"Mammals",NA,241,"Forestry broadleaves"
"Alnus incana",7,"Invertebrates",51,241,"Forestry broadleaves"
"Alnus rubra",9,"Lichen",27,141,"Forestry broadleaves"
"Alnus rubra",9,"Fungi",164,141,"Forestry broadleaves"
"Alnus rubra",9,"Bryophytes",NA,141,"Forestry broadleaves"
"Alnus rubra",9,"Birds",NA,141,"Forestry broadleaves"
"Alnus rubra",9,"Mammals",NA,141,"Forestry broadleaves"
"Alnus rubra",9,"Invertebrates",10,141,"Forestry broadleaves"
"Araucaria araucana",NA,"Lichen",1,226,"Introduced"
"Araucaria araucana",NA,"Fungi",15,226,"Introduced"
"Araucaria araucana",NA,"Bryophytes",NA,226,"Introduced"
"Araucaria araucana",NA,"Birds",NA,226,"Introduced"
"Araucaria araucana",NA,"Mammals",NA,226,"Introduced"
"Araucaria araucana",NA,"Invertebrates",NA,226,"Introduced"
"Arbutus unedo",1,"Lichen",1,6000,"Native"
"Arbutus unedo",1,"Fungi",32,6000,"Native"
"Arbutus unedo",1,"Bryophytes",NA,6000,"Native"
"Arbutus unedo",1,"Birds",17,6000,"Native"
"Arbutus unedo",1,"Mammals",3,6000,"Native"
"Arbutus unedo",1,"Invertebrates",6,6000,"Native"
"Betula pendula",1,"Lichen",333,14027,"Native"
"Betula pendula",1,"Fungi",1593,14027,"Native"
"Betula pendula",1,"Bryophytes",67,14027,"Native"
"Betula pendula",1,"Birds",19,14027,"Native"
"Betula pendula",1,"Mammals",14,14027,"Native"
"Betula pendula",1,"Invertebrates",360,14027,"Native"
"Betula pubescens",2,"Lichen",331,14027,"Native"
"Betula pubescens",2,"Fungi",874,14027,"Native"
"Betula pubescens",2,"Bryophytes",85,14027,"Native"
"Betula pubescens",2,"Birds",15,14027,"Native"
"Betula pubescens",2,"Mammals",15,14027,"Native"
"Betula pubescens",2,"Invertebrates",296,14027,"Native"
"Buxus sempervirens",1,"Lichen",72,2508,"Native"
"Buxus sempervirens",1,"Fungi",178,2508,"Native"
"Buxus sempervirens",1,"Bryophytes",1,2508,"Native"
"Buxus sempervirens",1,"Birds",NA,2508,"Native"
"Buxus sempervirens",1,"Mammals",NA,2508,"Native"
"Buxus sempervirens",1,"Invertebrates",9,2508,"Native"
"Carpinus betulus",1,"Lichen",212,6786,"Native"
"Carpinus betulus",1,"Fungi",951,6786,"Native"
"Carpinus betulus",1,"Bryophytes",58,6786,"Native"
"Carpinus betulus",1,"Birds",24,6786,"Native"
"Carpinus betulus",1,"Mammals",19,6786,"Native"
"Carpinus betulus",1,"Invertebrates",297,6786,"Native"
"Castanea sativa",1,"Lichen",305,1971,"Introduced"
"Castanea sativa",1,"Fungi",475,1971,"Introduced"
"Castanea sativa",1,"Bryophytes",25,1971,"Introduced"
"Castanea sativa",1,"Birds",22,1971,"Introduced"
"Castanea sativa",1,"Mammals",10,1971,"Introduced"
"Castanea sativa",1,"Invertebrates",237,1971,"Introduced"
"Cedrus libani",NA,"Lichen",NA,383,"Introduced"
"Cedrus libani",NA,"Fungi",5,383,"Introduced"
"Cedrus libani",NA,"Bryophytes",NA,383,"Introduced"
"Cedrus libani",NA,"Birds",NA,383,"Introduced"
"Cedrus libani",NA,"Mammals",NA,383,"Introduced"
"Cedrus libani",NA,"Invertebrates",3,383,"Introduced"
"Chamaecyparis lawsoniana",4,"Lichen",2,167,"Forestry conifers"
"Chamaecyparis lawsoniana",4,"Fungi",31,167,"Forestry conifers"
"Chamaecyparis lawsoniana",4,"Bryophytes",NA,167,"Forestry conifers"
"Chamaecyparis lawsoniana",4,"Birds",NA,167,"Forestry conifers"
"Chamaecyparis lawsoniana",4,"Mammals",NA,167,"Forestry conifers"
"Chamaecyparis lawsoniana",4,"Invertebrates",9,167,"Forestry conifers"
"Cornus sanguinea",1,"Lichen",2,6000,"Native"
"Cornus sanguinea",1,"Fungi",92,6000,"Native"
"Cornus sanguinea",1,"Bryophytes",NA,6000,"Native"
"Cornus sanguinea",1,"Birds",46,6000,"Native"
"Cornus sanguinea",1,"Mammals",4,6000,"Native"
"Cornus sanguinea",1,"Invertebrates",42,6000,"Native"
"Corylus avellana",5,"Lichen",672,9453,"Native"
"Corylus avellana",5,"Fungi",2245,9453,"Native"
"Corylus avellana",5,"Bryophytes",99,9453,"Native"
"Corylus avellana",5,"Birds",4,9453,"Native"
"Corylus avellana",5,"Mammals",11,9453,"Native"
"Corylus avellana",5,"Invertebrates",227,9453,"Native"
"Crataegus laevigata",1,"Lichen",1,9531,"Native"
"Crataegus laevigata",1,"Fungi",58,9531,"Native"
"Crataegus laevigata",1,"Bryophytes",NA,9531,"Native"
"Crataegus laevigata",1,"Birds",34,9531,"Native"
"Crataegus laevigata",1,"Mammals",NA,9531,"Native"
"Crataegus laevigata",1,"Invertebrates",14,9531,"Native"
"Crataegus monogyna",2,"Lichen",221,9531,"Native"
"Crataegus monogyna",2,"Fungi",945,9531,"Native"
"Crataegus monogyna",2,"Bryophytes",41,9531,"Native"
"Crataegus monogyna",2,"Birds",56,9531,"Native"
"Crataegus monogyna",2,"Mammals",14,9531,"Native"
"Crataegus monogyna",2,"Invertebrates",163,9531,"Native"
"Cryptomeria japonica",NA,"Lichen",1,179,"Forestry conifers"
"Cryptomeria japonica",NA,"Fungi",17,179,"Forestry conifers"
"Cryptomeria japonica",NA,"Bryophytes",NA,179,"Forestry conifers"
"Cryptomeria japonica",NA,"Birds",2,179,"Forestry conifers"
"Cryptomeria japonica",NA,"Mammals",NA,179,"Forestry conifers"
"Cryptomeria japonica",NA,"Invertebrates",1,179,"Forestry conifers"
"Eucalyptus gunnii",NA,"Lichen",1,181,"Forestry broadleaves"
"Eucalyptus gunnii",NA,"Fungi",3,181,"Forestry broadleaves"
"Eucalyptus gunnii",NA,"Bryophytes",NA,181,"Forestry broadleaves"
"Eucalyptus gunnii",NA,"Birds",NA,181,"Forestry broadleaves"
"Eucalyptus gunnii",NA,"Mammals",NA,181,"Forestry broadleaves"
"Eucalyptus gunnii",NA,"Invertebrates",NA,181,"Forestry broadleaves"
"Eucalyptus nitens",NA,"Lichen",1,181,"Forestry broadleaves"
"Eucalyptus nitens",NA,"Fungi",7,181,"Forestry broadleaves"
"Eucalyptus nitens",NA,"Bryophytes",NA,181,"Forestry broadleaves"
"Eucalyptus nitens",NA,"Birds",NA,181,"Forestry broadleaves"
"Eucalyptus nitens",NA,"Mammals",NA,181,"Forestry broadleaves"
"Eucalyptus nitens",NA,"Invertebrates",NA,181,"Forestry broadleaves"
"Euonymus europaeus",1,"Lichen",68,6000,"Native"
"Euonymus europaeus",1,"Fungi",124,6000,"Native"
"Euonymus europaeus",1,"Bryophytes",21,6000,"Native"
"Euonymus europaeus",1,"Birds",41,6000,"Native"
"Euonymus europaeus",1,"Mammals",5,6000,"Native"
"Euonymus europaeus",1,"Invertebrates",18,6000,"Native"
"Fagus sylvatica",2,"Lichen",683,9461,"Native"
"Fagus sylvatica",2,"Fungi",3738,9461,"Native"
"Fagus sylvatica",2,"Bryophytes",87,9461,"Native"
"Fagus sylvatica",2,"Birds",33,9461,"Native"
"Fagus sylvatica",2,"Mammals",26,9461,"Native"
"Fagus sylvatica",2,"Invertebrates",493,9461,"Native"
"Frangula alnus",1,"Lichen",1,5419,"Native"
"Frangula alnus",1,"Fungi",54,5419,"Native"
"Frangula alnus",1,"Bryophytes",10,5419,"Native"
"Frangula alnus",1,"Birds",37,5419,"Native"
"Frangula alnus",1,"Mammals",8,5419,"Native"
"Frangula alnus",1,"Invertebrates",28,5419,"Native"
"Fraxinus excelsior",3,"Lichen",960,9496,"Native"
"Fraxinus excelsior",3,"Fungi",2252,9496,"Native"
"Fraxinus excelsior",3,"Bryophytes",144,9496,"Native"
"Fraxinus excelsior",3,"Birds",27,9496,"Native"
"Fraxinus excelsior",3,"Mammals",30,9496,"Native"
"Fraxinus excelsior",3,"Invertebrates",471,9496,"Native"
"Hippophae rhamnoides",1,"Lichen",1,10325,"Native"
"Hippophae rhamnoides",1,"Fungi",47,10325,"Native"
"Hippophae rhamnoides",1,"Bryophytes",NA,10325,"Native"
"Hippophae rhamnoides",1,"Birds",NA,10325,"Native"
"Hippophae rhamnoides",1,"Mammals",NA,10325,"Native"
"Hippophae rhamnoides",1,"Invertebrates",17,10325,"Native"
"Ilex aquifolium",3,"Lichen",461,8301,"Native"
"Ilex aquifolium",3,"Fungi",978,8301,"Native"
"Ilex aquifolium",3,"Bryophytes",36,8301,"Native"
"Ilex aquifolium",3,"Birds",39,8301,"Native"
"Ilex aquifolium",3,"Mammals",25,8301,"Native"
"Ilex aquifolium",3,"Invertebrates",150,8301,"Native"
"Juglans nigra",NA,"Lichen",121,365,"Forestry broadleaves"
"Juglans nigra",NA,"Fungi",219,365,"Forestry broadleaves"
"Juglans nigra",NA,"Bryophytes",36,365,"Forestry broadleaves"
"Juglans nigra",NA,"Birds",1,365,"Forestry broadleaves"
"Juglans nigra",NA,"Mammals",13,365,"Forestry broadleaves"
"Juglans nigra",NA,"Invertebrates",39,365,"Forestry broadleaves"
"Juglans regia",2,"Lichen",212,1869,"Introduced"
"Juglans regia",2,"Fungi",241,1869,"Introduced"
"Juglans regia",2,"Bryophytes",64,1869,"Introduced"
"Juglans regia",2,"Birds",3,1869,"Introduced"
"Juglans regia",2,"Mammals",13,1869,"Introduced"
"Juglans regia",2,"Invertebrates",50,1869,"Introduced"
"Juniperus communis",8,"Lichen",322,12932,"Native"
"Juniperus communis",8,"Fungi",134,12932,"Native"
"Juniperus communis",8,"Bryophytes",NA,12932,"Native"
"Juniperus communis",8,"Birds",33,12932,"Native"
"Juniperus communis",8,"Mammals",3,12932,"Native"
"Juniperus communis",8,"Invertebrates",36,12932,"Native"
"Larix decidua",1,"Lichen",148,392,"Forestry conifers"
"Larix decidua",1,"Fungi",231,392,"Forestry conifers"
"Larix decidua",1,"Bryophytes",10,392,"Forestry conifers"
"Larix decidua",1,"Birds",5,392,"Forestry conifers"
"Larix decidua",1,"Mammals",17,392,"Forestry conifers"
"Larix decidua",1,"Invertebrates",61,392,"Forestry conifers"
"Larix kaempferi",1,"Lichen",2,160,"Forestry conifers"
"Larix kaempferi",1,"Fungi",22,160,"Forestry conifers"
"Larix kaempferi",1,"Bryophytes",NA,160,"Forestry conifers"
"Larix kaempferi",1,"Birds",NA,160,"Forestry conifers"
"Larix kaempferi",1,"Mammals",NA,160,"Forestry conifers"
"Larix kaempferi",1,"Invertebrates",18,160,"Forestry conifers"
"Ligustrum vulgare",2,"Lichen",61,6027,"Native"
"Ligustrum vulgare",2,"Fungi",162,6027,"Native"
"Ligustrum vulgare",2,"Bryophytes",22,6027,"Native"
"Ligustrum vulgare",2,"Birds",42,6027,"Native"
"Ligustrum vulgare",2,"Mammals",5,6027,"Native"
"Ligustrum vulgare",2,"Invertebrates",65,6027,"Native"
"Malus sylvestris",1,"Lichen",266,4071,"Native"
"Malus sylvestris",1,"Fungi",584,4071,"Native"
"Malus sylvestris",1,"Bryophytes",58,4071,"Native"
"Malus sylvestris",1,"Birds",27,4071,"Native"
"Malus sylvestris",1,"Mammals",26,4071,"Native"
"Malus sylvestris",1,"Invertebrates",345,4071,"Native"
"Nothofagus alpina",NA,"Lichen",1,111,"Forestry broadleaves"
"Nothofagus alpina",NA,"Fungi",2,111,"Forestry broadleaves"
"Nothofagus alpina",NA,"Bryophytes",NA,111,"Forestry broadleaves"
"Nothofagus alpina",NA,"Birds",NA,111,"Forestry broadleaves"
"Nothofagus alpina",NA,"Mammals",NA,111,"Forestry broadleaves"
"Nothofagus alpina",NA,"Invertebrates",NA,111,"Forestry broadleaves"
"Nothofagus obliqua",NA,"Lichen",1,119,"Forestry broadleaves"
"Nothofagus obliqua",NA,"Fungi",5,119,"Forestry broadleaves"
"Nothofagus obliqua",NA,"Bryophytes",NA,119,"Forestry broadleaves"
"Nothofagus obliqua",NA,"Birds",NA,119,"Forestry broadleaves"
"Nothofagus obliqua",NA,"Mammals",NA,119,"Forestry broadleaves"
"Nothofagus obliqua",NA,"Invertebrates",NA,119,"Forestry broadleaves"
"Picea abies",8,"Lichen",8,1026,"Forestry conifers"
"Picea abies",8,"Fungi",240,1026,"Forestry conifers"
"Picea abies",8,"Bryophytes",55,1026,"Forestry conifers"
"Picea abies",8,"Birds",31,1026,"Forestry conifers"
"Picea abies",8,"Mammals",11,1026,"Forestry conifers"
"Picea abies",8,"Invertebrates",244,1026,"Forestry conifers"
"Picea omorika",NA,"Lichen",1,132,"Forestry conifers"
"Picea omorika",NA,"Fungi",1,132,"Forestry conifers"
"Picea omorika",NA,"Bryophytes",NA,132,"Forestry conifers"
"Picea omorika",NA,"Birds",NA,132,"Forestry conifers"
"Picea omorika",NA,"Mammals",NA,132,"Forestry conifers"
"Picea omorika",NA,"Invertebrates",6,132,"Forestry conifers"
"Picea sitchensis",12,"Lichen",20,189,"Forestry conifers"
"Picea sitchensis",12,"Fungi",152,189,"Forestry conifers"
"Picea sitchensis",12,"Bryophytes",NA,189,"Forestry conifers"
"Picea sitchensis",12,"Birds",3,189,"Forestry conifers"
"Picea sitchensis",12,"Mammals",NA,189,"Forestry conifers"
"Picea sitchensis",12,"Invertebrates",35,189,"Forestry conifers"
"Pinus contorta",7,"Lichen",23,170,"Forestry conifers"
"Pinus contorta",7,"Fungi",227,170,"Forestry conifers"
"Pinus contorta",7,"Bryophytes",NA,170,"Forestry conifers"
"Pinus contorta",7,"Birds",1,170,"Forestry conifers"
"Pinus contorta",7,"Mammals",NA,170,"Forestry conifers"
"Pinus contorta",7,"Invertebrates",28,170,"Forestry conifers"
"Pinus nigra",1,"Lichen",1,186,"Forestry conifers"
"Pinus nigra",1,"Fungi",100,186,"Forestry conifers"
"Pinus nigra",1,"Bryophytes",NA,186,"Forestry conifers"
"Pinus nigra",1,"Birds",NA,186,"Forestry conifers"
"Pinus nigra",1,"Mammals",NA,186,"Forestry conifers"
"Pinus nigra",1,"Invertebrates",21,186,"Forestry conifers"
"Pinus peuce",NA,"Lichen",1,157,"Forestry conifers"
"Pinus peuce",NA,"Fungi",5,157,"Forestry conifers"
"Pinus peuce",NA,"Bryophytes",NA,157,"Forestry conifers"
"Pinus peuce",NA,"Birds",NA,157,"Forestry conifers"
"Pinus peuce",NA,"Mammals",NA,157,"Forestry conifers"
"Pinus peuce",NA,"Invertebrates",NA,157,"Forestry conifers"
"Pinus pinaster",NA,"Lichen",3,425,"Forestry conifers"
"Pinus pinaster",NA,"Fungi",29,425,"Forestry conifers"
"Pinus pinaster",NA,"Bryophytes",NA,425,"Forestry conifers"
"Pinus pinaster",NA,"Birds",1,425,"Forestry conifers"
"Pinus pinaster",NA,"Mammals",NA,425,"Forestry conifers"
"Pinus pinaster",NA,"Invertebrates",11,425,"Forestry conifers"
"Pinus radiata",2,"Lichen",2,189,"Forestry conifers"
"Pinus radiata",2,"Fungi",101,189,"Forestry conifers"
"Pinus radiata",2,"Bryophytes",NA,189,"Forestry conifers"
"Pinus radiata",2,"Birds",NA,189,"Forestry conifers"
"Pinus radiata",2,"Mammals",NA,189,"Forestry conifers"
"Pinus radiata",2,"Invertebrates",5,189,"Forestry conifers"
"Pinus strobus",2,"Lichen",5,416,"Forestry conifers"
"Pinus strobus",2,"Fungi",34,416,"Forestry conifers"
"Pinus strobus",2,"Bryophytes",NA,416,"Forestry conifers"
"Pinus strobus",2,"Birds",2,416,"Forestry conifers"
"Pinus strobus",2,"Mammals",NA,416,"Forestry conifers"
"Pinus strobus",2,"Invertebrates",4,416,"Forestry conifers"
"Pinus sylvestris",3,"Lichen",307,12932,"Native"
"Pinus sylvestris",3,"Fungi",2336,12932,"Native"
"Pinus sylvestris",3,"Bryophytes",51,12932,"Native"
"Pinus sylvestris",3,"Birds",30,12932,"Native"
"Pinus sylvestris",3,"Mammals",24,12932,"Native"
"Pinus sylvestris",3,"Invertebrates",327,12932,"Native"
"Populus alba",1,"Lichen",2,424,"Introduced"
"Populus alba",1,"Fungi",59,424,"Introduced"
"Populus alba",1,"Bryophytes",NA,424,"Introduced"
"Populus alba",1,"Birds",NA,424,"Introduced"
"Populus alba",1,"Mammals",NA,424,"Introduced"
"Populus alba",1,"Invertebrates",49,424,"Introduced"
"Populus nigra",1,"Lichen",52,11726,"Native"
"Populus nigra",1,"Fungi",290,11726,"Native"
"Populus nigra",1,"Bryophytes",6,11726,"Native"
"Populus nigra",1,"Birds",2,11726,"Native"
"Populus nigra",1,"Mammals",14,11726,"Native"
"Populus nigra",1,"Invertebrates",145,11726,"Native"
"Populus tremula",4,"Lichen",480,10521,"Native"
"Populus tremula",4,"Fungi",876,10521,"Native"
"Populus tremula",4,"Bryophytes",76,10521,"Native"
"Populus tremula",4,"Birds",17,10521,"Native"
"Populus tremula",4,"Mammals",14,10521,"Native"
"Populus tremula",4,"Invertebrates",394,10521,"Native"
"Prunus avium",1,"Lichen",192,10271,"Native"
"Prunus avium",1,"Fungi",352,10271,"Native"
"Prunus avium",1,"Bryophytes",26,10271,"Native"
"Prunus avium",1,"Birds",35,10271,"Native"
"Prunus avium",1,"Mammals",15,10271,"Native"
"Prunus avium",1,"Invertebrates",241,10271,"Native"
"Prunus cerasifera",1,"Lichen",1,471,"Introduced"
"Prunus cerasifera",1,"Fungi",11,471,"Introduced"
"Prunus cerasifera",1,"Bryophytes",NA,471,"Introduced"
"Prunus cerasifera",1,"Birds",NA,471,"Introduced"
"Prunus cerasifera",1,"Mammals",NA,471,"Introduced"
"Prunus cerasifera",1,"Invertebrates",9,471,"Introduced"
"Prunus cerasus",1,"Lichen",1,471,"Introduced"
"Prunus cerasus",1,"Fungi",98,471,"Introduced"
"Prunus cerasus",1,"Bryophytes",NA,471,"Introduced"
"Prunus cerasus",1,"Birds",1,471,"Introduced"
"Prunus cerasus",1,"Mammals",NA,471,"Introduced"
"Prunus cerasus",1,"Invertebrates",41,471,"Introduced"
"Prunus domestica",2,"Lichen",3,1026,"Introduced"
"Prunus domestica",2,"Fungi",68,1026,"Introduced"
"Prunus domestica",2,"Bryophytes",NA,1026,"Introduced"
"Prunus domestica",2,"Birds",36,1026,"Introduced"
"Prunus domestica",2,"Mammals",2,1026,"Introduced"
"Prunus domestica",2,"Invertebrates",115,1026,"Introduced"
"Prunus padus",1,"Lichen",125,10100,"Native"
"Prunus padus",1,"Fungi",210,10100,"Native"
"Prunus padus",1,"Bryophytes",7,10100,"Native"
"Prunus padus",1,"Birds",38,10100,"Native"
"Prunus padus",1,"Mammals",3,10100,"Native"
"Prunus padus",1,"Invertebrates",112,10100,"Native"
"Prunus spinosa",1,"Lichen",234,8071,"Native"
"Prunus spinosa",1,"Fungi",578,8071,"Native"
"Prunus spinosa",1,"Bryophytes",54,8071,"Native"
"Prunus spinosa",1,"Birds",43,8071,"Native"
"Prunus spinosa",1,"Mammals",13,8071,"Native"
"Prunus spinosa",1,"Invertebrates",231,8071,"Native"
"Pseudotsuga menziesii",17,"Lichen",59,195,"Forestry conifers"
"Pseudotsuga menziesii",17,"Fungi",449,195,"Forestry conifers"
"Pseudotsuga menziesii",17,"Bryophytes",9,195,"Forestry conifers"
"Pseudotsuga menziesii",17,"Birds",25,195,"Forestry conifers"
"Pseudotsuga menziesii",17,"Mammals",9,195,"Forestry conifers"
"Pseudotsuga menziesii",17,"Invertebrates",145,195,"Forestry conifers"
"Pyrus communis",1,"Lichen",4,1097,"Introduced"
"Pyrus communis",1,"Fungi",128,1097,"Introduced"
"Pyrus communis",1,"Bryophytes",21,1097,"Introduced"
"Pyrus communis",1,"Birds",29,1097,"Introduced"
"Pyrus communis",1,"Mammals",NA,1097,"Introduced"
"Pyrus communis",1,"Invertebrates",100,1097,"Introduced"
"Quercus cerris",1,"Lichen",135,286,"Introduced"
"Quercus cerris",1,"Fungi",76,286,"Introduced"
"Quercus cerris",1,"Bryophytes",33,286,"Introduced"
"Quercus cerris",1,"Birds",16,286,"Introduced"
"Quercus cerris",1,"Mammals",24,286,"Introduced"
"Quercus cerris",1,"Invertebrates",338,286,"Introduced"
"Quercus ilex",1,"Lichen",73,471,"Introduced"
"Quercus ilex",1,"Fungi",68,471,"Introduced"
"Quercus ilex",1,"Bryophytes",NA,471,"Introduced"
"Quercus ilex",1,"Birds",1,471,"Introduced"
"Quercus ilex",1,"Mammals",NA,471,"Introduced"
"Quercus ilex",1,"Invertebrates",39,471,"Introduced"
"Quercus petraea",1,"Lichen",743,13159,"Native"
"Quercus petraea",1,"Fungi",1620,13159,"Native"
"Quercus petraea",1,"Bryophytes",230,13159,"Native"
"Quercus petraea",1,"Birds",34,13159,"Native"
"Quercus petraea",1,"Mammals",43,13159,"Native"
"Quercus petraea",1,"Invertebrates",852,13159,"Native"
"Quercus robur",9,"Lichen",740,13159,"Native"
"Quercus robur",9,"Fungi",2548,13159,"Native"
"Quercus robur",9,"Bryophytes",231,13159,"Native"
"Quercus robur",9,"Birds",41,13159,"Native"
"Quercus robur",9,"Mammals",43,13159,"Native"
"Quercus robur",9,"Invertebrates",1222,13159,"Native"
"Quercus rubra",NA,"Lichen",8,297,"Forestry broadleaves"
"Quercus rubra",NA,"Fungi",256,297,"Forestry broadleaves"
"Quercus rubra",NA,"Bryophytes",32,297,"Forestry broadleaves"
"Quercus rubra",NA,"Birds",7,297,"Forestry broadleaves"
"Quercus rubra",NA,"Mammals",24,297,"Forestry broadleaves"
"Quercus rubra",NA,"Invertebrates",244,297,"Forestry broadleaves"
"Rhamnus cathartica",1,"Lichen",1,6059,"Native"
"Rhamnus cathartica",1,"Fungi",49,6059,"Native"
"Rhamnus cathartica",1,"Bryophytes",26,6059,"Native"
"Rhamnus cathartica",1,"Birds",39,6059,"Native"
"Rhamnus cathartica",1,"Mammals",2,6059,"Native"
"Rhamnus cathartica",1,"Invertebrates",35,6059,"Native"
"Salix caprea",1,"Lichen",2,14250,"Native"
"Salix caprea",1,"Fungi",518,14250,"Native"
"Salix caprea",1,"Bryophytes",54,14250,"Native"
"Salix caprea",1,"Birds",NA,14250,"Native"
"Salix caprea",1,"Mammals",6,14250,"Native"
"Salix caprea",1,"Invertebrates",284,14250,"Native"
"Salix cinerea",1,"Lichen",1,14250,"Native"
"Salix cinerea",1,"Fungi",301,14250,"Native"
"Salix cinerea",1,"Bryophytes",54,14250,"Native"
"Salix cinerea",1,"Birds",NA,14250,"Native"
"Salix cinerea",1,"Mammals",6,14250,"Native"
"Salix cinerea",1,"Invertebrates",162,14250,"Native"
"Salix pentandra",2,"Lichen",1,14250,"Native"
"Salix pentandra",2,"Fungi",57,14250,"Native"
"Salix pentandra",2,"Bryophytes",NA,14250,"Native"
"Salix pentandra",2,"Birds",NA,14250,"Native"
"Salix pentandra",2,"Mammals",NA,14250,"Native"
"Salix pentandra",2,"Invertebrates",31,14250,"Native"
"Salix phylicifolia",1,"Lichen",1,14250,"Native"
"Salix phylicifolia",1,"Fungi",9,14250,"Native"
"Salix phylicifolia",1,"Bryophytes",NA,14250,"Native"
"Salix phylicifolia",1,"Birds",NA,14250,"Native"
"Salix phylicifolia",1,"Mammals",NA,14250,"Native"
"Salix phylicifolia",1,"Invertebrates",37,14250,"Native"
"Sambucus nigra",4,"Lichen",350,8641,"Native"
"Sambucus nigra",4,"Fungi",658,8641,"Native"
"Sambucus nigra",4,"Bryophytes",92,8641,"Native"
"Sambucus nigra",4,"Birds",59,8641,"Native"
"Sambucus nigra",4,"Mammals",13,8641,"Native"
"Sambucus nigra",4,"Invertebrates",57,8641,"Native"
"Sequoia sempervirens",4,"Lichen",3,177,"Forestry conifers"
"Sequoia sempervirens",4,"Fungi",64,177,"Forestry conifers"
"Sequoia sempervirens",4,"Bryophytes",NA,177,"Forestry conifers"
"Sequoia sempervirens",4,"Birds",NA,177,"Forestry conifers"
"Sequoia sempervirens",4,"Mammals",NA,177,"Forestry conifers"
"Sequoia sempervirens",4,"Invertebrates",1,177,"Forestry conifers"
"Sequoiadendron giganteum",NA,"Lichen",19,168,"Forestry conifers"
"Sequoiadendron giganteum",NA,"Fungi",10,168,"Forestry conifers"
"Sequoiadendron giganteum",NA,"Bryophytes",NA,168,"Forestry conifers"
"Sequoiadendron giganteum",NA,"Birds",NA,168,"Forestry conifers"
"Sequoiadendron giganteum",NA,"Mammals",NA,168,"Forestry conifers"
"Sequoiadendron giganteum",NA,"Invertebrates",NA,168,"Forestry conifers"
"Sorbus aria",2,"Lichen",151,9341,"Native"
"Sorbus aria",2,"Fungi",189,9341,"Native"
"Sorbus aria",2,"Bryophytes",31,9341,"Native"
"Sorbus aria",2,"Birds",43,9341,"Native"
"Sorbus aria",2,"Mammals",19,9341,"Native"
"Sorbus aria",2,"Invertebrates",186,9341,"Native"
"Sorbus aucuparia",3,"Lichen",600,11062,"Native"
"Sorbus aucuparia",3,"Fungi",852,11062,"Native"
"Sorbus aucuparia",3,"Bryophytes",75,11062,"Native"
"Sorbus aucuparia",3,"Birds",55,11062,"Native"
"Sorbus aucuparia",3,"Mammals",31,11062,"Native"
"Sorbus aucuparia",3,"Invertebrates",284,11062,"Native"
"Sorbus domestica",1,"Lichen",1,8858,"Native"
"Sorbus domestica",1,"Fungi",13,8858,"Native"
"Sorbus domestica",1,"Bryophytes",NA,8858,"Native"
"Sorbus domestica",1,"Birds",14,8858,"Native"
"Sorbus domestica",1,"Mammals",3,8858,"Native"
"Sorbus domestica",1,"Invertebrates",1,8858,"Native"
"Sorbus torminalis",1,"Lichen",1,8858,"Native"
"Sorbus torminalis",1,"Fungi",89,8858,"Native"
"Sorbus torminalis",1,"Bryophytes",15,8858,"Native"
"Sorbus torminalis",1,"Birds",30,8858,"Native"
"Sorbus torminalis",1,"Mammals",25,8858,"Native"
"Sorbus torminalis",1,"Invertebrates",175,8858,"Native"
"Taxus baccata",1,"Lichen",128,8641,"Native"
"Taxus baccata",1,"Fungi",892,8641,"Native"
"Taxus baccata",1,"Bryophytes",15,8641,"Native"
"Taxus baccata",1,"Birds",47,8641,"Native"
"Taxus baccata",1,"Mammals",12,8641,"Native"
"Taxus baccata",1,"Invertebrates",144,8641,"Native"
"Thuja plicata",12,"Lichen",28,168,"Forestry conifers"
"Thuja plicata",12,"Fungi",133,168,"Forestry conifers"
"Thuja plicata",12,"Bryophytes",1,168,"Forestry conifers"
"Thuja plicata",12,"Birds",1,168,"Forestry conifers"
"Thuja plicata",12,"Mammals",16,168,"Forestry conifers"
"Thuja plicata",12,"Invertebrates",122,168,"Forestry conifers"
"Tilia cordata",2,"Lichen",2,8142,"Native"
"Tilia cordata",2,"Fungi",430,8142,"Native"
"Tilia cordata",2,"Bryophytes",55,8142,"Native"
"Tilia cordata",2,"Birds",27,8142,"Native"
"Tilia cordata",2,"Mammals",16,8142,"Native"
"Tilia cordata",2,"Invertebrates",272,8142,"Native"
"Tilia platyphyllos",1,"Lichen",223,5712,"Native"
"Tilia platyphyllos",1,"Fungi",380,5712,"Native"
"Tilia platyphyllos",1,"Bryophytes",24,5712,"Native"
"Tilia platyphyllos",1,"Birds",2,5712,"Native"
"Tilia platyphyllos",1,"Mammals",17,5712,"Native"
"Tilia platyphyllos",1,"Invertebrates",190,5712,"Native"
"Tsuga heterophylla",16,"Lichen",18,169,"Forestry conifers"
"Tsuga heterophylla",16,"Fungi",162,169,"Forestry conifers"
"Tsuga heterophylla",16,"Bryophytes",1,169,"Forestry conifers"
"Tsuga heterophylla",16,"Birds",9,169,"Forestry conifers"
"Tsuga heterophylla",16,"Mammals",1,169,"Forestry conifers"
"Tsuga heterophylla",16,"Invertebrates",121,169,"Forestry conifers"
"Ulmus glabra",1,"Lichen",376,12691,"Native"
"Ulmus glabra",1,"Fungi",779,12691,"Native"
"Ulmus glabra",1,"Bryophytes",75,12691,"Native"
"Ulmus glabra",1,"Birds",19,12691,"Native"
"Ulmus glabra",1,"Mammals",22,12691,"Native"
"Ulmus glabra",1,"Invertebrates",268,12691,"Native"
"Ulmus minor",2,"Lichen",1,12691,"Native"
"Ulmus minor",2,"Fungi",37,12691,"Native"
"Ulmus minor",2,"Bryophytes",NA,12691,"Native"
"Ulmus minor",2,"Birds",NA,12691,"Native"
"Ulmus minor",2,"Mammals",NA,12691,"Native"
"Ulmus minor",2,"Invertebrates",11,12691,"Native"
"Viburnum lantana",2,"Lichen",1,6090,"Native"
"Viburnum lantana",2,"Fungi",43,6090,"Native"
"Viburnum lantana",2,"Bryophytes",NA,6090,"Native"
"Viburnum lantana",2,"Birds",36,6090,"Native"
"Viburnum lantana",2,"Mammals",3,6090,"Native"
"Viburnum lantana",2,"Invertebrates",17,6090,"Native"
"Viburnum opulus",1,"Lichen",1,9745,"Native"
"Viburnum opulus",1,"Fungi",91,9745,"Native"
"Viburnum opulus",1,"Bryophytes",NA,9745,"Native"
"Viburnum opulus",1,"Birds",42,9745,"Native"
"Viburnum opulus",1,"Mammals",4,9745,"Native"
"Viburnum opulus",1,"Invertebrates",20,9745,"Native"
